year,route_id,route,origin,destination,months_reported,scheduled,flown,cancelled,arr_on_time,arr_delayed,cancellation_rate,arrival_otp,cancellation_rank,year_cancellations,cumulative_cancellations,share_of_cancellations,cumulative_share,coverage_note
2023,84,Melbourne-Sydney,Melbourne,Sydney,12,26604,24222,2382,16373,7849,0.0895354082093,0.675955742713,1,17707,2382,0.134523069972,0.134523069972,"Full year / 1,000+ scheduled"
2023,121,Sydney-Melbourne,Sydney,Melbourne,12,26502,24159,2343,16105,8054,0.0884084220059,0.666625274225,2,17707,4725,0.132320551194,0.266843621167,"Full year / 1,000+ scheduled"
2023,32,Brisbane-Sydney,Brisbane,Sydney,12,15782,14864,918,10611,4253,0.0581675326321,0.713872443488,3,17707,5643,0.051843903541,0.318687524708,"Full year / 1,000+ scheduled"
2023,111,Sydney-Brisbane,Sydney,Brisbane,12,15779,14887,892,10201,4686,0.0565308321186,0.685228723047,4,17707,6535,0.050375557689,0.369063082397,"Full year / 1,000+ scheduled"
2023,44,Canberra-Sydney,Canberra,Sydney,12,8078,7418,660,5420,1998,0.0817033919287,0.730655163117,5,17707,7195,0.0372733947027,0.406336477099,"Full year / 1,000+ scheduled"
2023,113,Sydney-Canberra,Sydney,Canberra,12,8075,7459,616,5724,1735,0.0762848297214,0.767395093176,6,17707,7811,0.0347885017225,0.441124978822,"Full year / 1,000+ scheduled"
2023,26,Brisbane-Melbourne,Brisbane,Melbourne,12,11896,11339,557,7622,3717,0.0468224613315,0.672193315107,7,17707,8368,0.0314564861354,0.472581464957,"Full year / 1,000+ scheduled"
2023,72,Melbourne-Brisbane,Melbourne,Brisbane,12,11935,11396,539,7558,3838,0.0451612903226,0.663215163215,8,17707,8907,0.0304399390072,0.503021403965,"Full year / 1,000+ scheduled"
2023,10,Adelaide-Sydney,Adelaide,Sydney,12,6277,5940,337,3977,1963,0.0536880675482,0.669528619529,9,17707,9244,0.0190320212345,0.522053425199,"Full year / 1,000+ scheduled"
2023,58,Gold Coast-Sydney,Gold Coast,Sydney,12,8329,7997,332,5425,2572,0.0398607275783,0.678379392272,10,17707,9576,0.0187496470322,0.540803072231,"Full year / 1,000+ scheduled"
2023,107,Sydney-Adelaide,Sydney,Adelaide,12,6277,5964,313,3850,2114,0.0498645849928,0.645539906103,11,17707,9889,0.0176766250635,0.558479697295,"Full year / 1,000+ scheduled"
2023,117,Sydney-Gold Coast,Sydney,Gold Coast,12,8313,8004,309,5444,2560,0.0371706964995,0.68015992004,12,17707,10198,0.0174507257017,0.575930422997,"Full year / 1,000+ scheduled"
2023,57,Gold Coast-Melbourne,Gold Coast,Melbourne,12,6592,6311,281,4140,2171,0.0426274271845,0.655997464744,13,17707,10479,0.0158694301689,0.591799853165,"Full year / 1,000+ scheduled"
2023,77,Melbourne-Gold Coast,Melbourne,Gold Coast,12,6587,6318,269,4238,2080,0.0408380142705,0.670781893004,14,17707,10748,0.0151917320834,0.606991585249,"Full year / 1,000+ scheduled"
2023,96,Perth-Melbourne,Perth,Melbourne,12,5696,5482,214,3758,1724,0.0375702247191,0.685516234951,15,17707,10962,0.0120856158581,0.619077201107,"Full year / 1,000+ scheduled"
2023,7,Adelaide-Melbourne,Adelaide,Melbourne,12,8206,8002,204,5504,2498,0.02485985864,0.687828042989,16,17707,11166,0.0115208674535,0.63059806856,"Full year / 1,000+ scheduled"
2023,43,Canberra-Melbourne,Canberra,Melbourne,12,5223,5040,183,3333,1707,0.035037334865,0.66130952381,17,17707,11349,0.0103348958039,0.640932964364,"Full year / 1,000+ scheduled"
2023,82,Melbourne-Perth,Melbourne,Perth,12,5575,5393,182,3503,1890,0.0326457399103,0.649545707398,18,17707,11531,0.0102784209635,0.651211385328,"Full year / 1,000+ scheduled"
2023,70,Melbourne-Adelaide,Melbourne,Adelaide,12,8206,8031,175,5328,2703,0.0213258591275,0.663429211804,19,17707,11706,0.00988309708025,0.661094482408,"Full year / 1,000+ scheduled"
2023,87,Newcastle-Brisbane,Newcastle,Brisbane,12,3204,3039,165,2293,746,0.0514981273408,0.754524514643,20,17707,11871,0.00931834867566,0.670412831084,"Full year / 1,000+ scheduled"
2023,74,Melbourne-Canberra,Melbourne,Canberra,12,5224,5064,160,3531,1533,0.0306278713629,0.697274881517,21,17707,12031,0.00903597447337,0.679448805557,"Full year / 1,000+ scheduled"
2023,28,Brisbane-Newcastle,Brisbane,Newcastle,12,3201,3063,138,2239,824,0.0431115276476,0.730982696703,22,17707,12169,0.00779352798328,0.68724233354,"Full year / 1,000+ scheduled"
2023,54,Gladstone-Brisbane,Gladstone,Brisbane,12,2270,2132,138,1550,582,0.0607929515419,0.727016885553,22,17707,12307,0.00779352798328,0.695035861524,"Full year / 1,000+ scheduled"
2023,99,Perth-Sydney,Perth,Sydney,12,4798,4660,138,3197,1463,0.0287619841601,0.686051502146,22,17707,12445,0.00779352798328,0.702829389507,"Full year / 1,000+ scheduled"
2023,16,Brisbane-Adelaide,Brisbane,Adelaide,12,4129,3999,130,2619,1380,0.0314846209736,0.654913728432,23,17707,12575,0.00734172925961,0.710171118767,"Full year / 1,000+ scheduled"
2023,122,Sydney-Perth,Sydney,Perth,12,4910,4780,130,2869,1911,0.0264765784114,0.600209205021,23,17707,12705,0.00734172925961,0.717512848026,"Full year / 1,000+ scheduled"
2023,21,Brisbane-Gladstone,Brisbane,Gladstone,12,2272,2144,128,1635,509,0.056338028169,0.762593283582,24,17707,12833,0.0072287795787,0.724741627605,"Full year / 1,000+ scheduled"
2023,104,Rockhampton-Brisbane,Rockhampton,Brisbane,12,3796,3668,128,2446,1222,0.0337197049526,0.666848418757,24,17707,12961,0.0072287795787,0.731970407184,"Full year / 1,000+ scheduled"
2023,2,Adelaide-Brisbane,Adelaide,Brisbane,12,4125,4002,123,2843,1159,0.0298181818182,0.710394802599,25,17707,13084,0.0069464053764,0.73891681256,"Full year / 1,000+ scheduled"
2023,67,Launceston-Melbourne,Launceston,Melbourne,12,3657,3536,121,2316,1220,0.0330872299699,0.654977375566,26,17707,13205,0.00683345569549,0.745750268255,"Full year / 1,000+ scheduled"
2023,101,Port Lincoln-Adelaide,Port Lincoln,Adelaide,12,3387,3267,120,2723,544,0.0354295837024,0.833486378941,27,17707,13325,0.00677698085503,0.752527249111,"Full year / 1,000+ scheduled"
2023,38,Cairns-Sydney,Cairns,Sydney,12,2687,2575,112,1737,838,0.0416821734276,0.674563106796,28,17707,13437,0.00632518213136,0.758852431242,"Full year / 1,000+ scheduled"
2023,62,Hobart-Melbourne,Hobart,Melbourne,12,4637,4526,111,2673,1853,0.0239378908777,0.590587715422,29,17707,13548,0.0062687072909,0.765121138533,"Full year / 1,000+ scheduled"
2023,79,Melbourne-Launceston,Melbourne,Launceston,12,3651,3542,109,2214,1328,0.029854834292,0.625070581592,30,17707,13657,0.00615575760998,0.771276896143,"Full year / 1,000+ scheduled"
2023,9,Adelaide-Port Lincoln,Adelaide,Port Lincoln,12,3384,3279,105,2700,579,0.0310283687943,0.823421774931,31,17707,13762,0.00592985824815,0.777206754391,"Full year / 1,000+ scheduled"
2023,127,Townsville-Cairns,Townsville,Cairns,12,1934,1829,105,1602,227,0.0542916235781,0.875888463641,31,17707,13867,0.00592985824815,0.783136612639,"Full year / 1,000+ scheduled"
2023,13,Armidale-Sydney,Armidale,Sydney,10,1604,1501,103,1155,346,0.0642144638404,0.769487008661,32,17707,13970,0.00581690856723,0.788953521206,Partial year: review coverage
2023,39,Cairns-Townsville,Cairns,Townsville,12,1935,1835,100,1605,230,0.0516795865633,0.874659400545,33,17707,14070,0.00564748404586,0.794601005252,"Full year / 1,000+ scheduled"
2023,31,Brisbane-Rockhampton,Brisbane,Rockhampton,12,3792,3695,97,2544,1151,0.0255801687764,0.68849797023,34,17707,14167,0.00547805952448,0.800079064777,"Full year / 1,000+ scheduled"
2023,91,Perth-Brisbane,Perth,Brisbane,12,3540,3443,97,2519,924,0.0274011299435,0.731629392971,34,17707,14264,0.00547805952448,0.805557124301,"Full year / 1,000+ scheduled"
2023,112,Sydney-Cairns,Sydney,Cairns,12,2673,2576,97,1802,774,0.0362888140666,0.699534161491,34,17707,14361,0.00547805952448,0.811035183826,"Full year / 1,000+ scheduled"
2023,109,Sydney-Armidale,Sydney,Armidale,10,1590,1495,95,1220,275,0.059748427673,0.816053511706,35,17707,14456,0.00536510984356,0.816400293669,Partial year: review coverage
2023,78,Melbourne-Hobart,Melbourne,Hobart,12,4639,4545,94,2826,1719,0.0202629877129,0.621782178218,36,17707,14550,0.00530863500311,0.821708928672,"Full year / 1,000+ scheduled"
2023,37,Cairns-Melbourne,Cairns,Melbourne,12,2418,2325,93,1430,895,0.0384615384615,0.615053763441,37,17707,14643,0.00525216016265,0.826961088835,"Full year / 1,000+ scheduled"
2023,73,Melbourne-Cairns,Melbourne,Cairns,12,2421,2337,84,1602,735,0.0346964064436,0.685494223363,38,17707,14727,0.00474388659852,0.831704975433,"Full year / 1,000+ scheduled"
2023,29,Brisbane-Perth,Brisbane,Perth,12,3541,3458,83,2538,920,0.0234397062977,0.733950260266,39,17707,14810,0.00468741175806,0.836392387192,"Full year / 1,000+ scheduled"
2023,36,Cairns-Brisbane,Cairns,Brisbane,12,4491,4409,82,3153,1256,0.0182587397016,0.715128146972,40,17707,14892,0.0046309369176,0.841023324109,"Full year / 1,000+ scheduled"
2023,63,Hobart-Sydney,Hobart,Sydney,12,2916,2834,82,1941,893,0.0281207133059,0.684897671136,40,17707,14974,0.0046309369176,0.845654261027,"Full year / 1,000+ scheduled"
2023,17,Brisbane-Cairns,Brisbane,Cairns,12,4490,4410,80,3064,1346,0.0178173719376,0.694784580499,41,17707,15054,0.00451798723669,0.850172248263,"Full year / 1,000+ scheduled"
2023,8,Adelaide-Perth,Adelaide,Perth,12,2257,2179,78,1566,613,0.0345591493132,0.718678292795,42,17707,15132,0.00440503755577,0.854577285819,"Full year / 1,000+ scheduled"
2023,90,Perth-Adelaide,Perth,Adelaide,12,2267,2189,78,1567,622,0.0344067048963,0.715851987209,42,17707,15210,0.00440503755577,0.858982323375,"Full year / 1,000+ scheduled"
2023,119,Sydney-Hobart,Sydney,Hobart,12,2918,2844,74,2083,761,0.0253598355038,0.732419127989,43,17707,15284,0.00417913819393,0.863161461569,"Full year / 1,000+ scheduled"
2023,128,Wagga Wagga-Sydney,Wagga Wagga,Sydney,12,2398,2325,73,1802,523,0.0304420350292,0.775053763441,44,17707,15357,0.00412266335348,0.867284124922,"Full year / 1,000+ scheduled"
2023,102,Port Macquarie-Sydney,Port Macquarie,Sydney,12,2341,2270,71,1630,640,0.0303289192653,0.718061674009,45,17707,15428,0.00400971367256,0.871293838595,"Full year / 1,000+ scheduled"
2023,41,Canberra-Brisbane,Canberra,Brisbane,12,3552,3482,70,2659,823,0.0197072072072,0.763641585296,46,17707,15498,0.0039532388321,0.875247077427,"Full year / 1,000+ scheduled"
2023,106,Sunshine Coast-Sydney,Sunshine Coast,Sydney,12,2705,2635,70,1555,1080,0.0258780036969,0.590132827324,46,17707,15568,0.0039532388321,0.879200316259,"Full year / 1,000+ scheduled"
2023,100,Port Hedland-Perth,Port Hedland,Perth,12,2238,2170,68,1420,750,0.0303842716711,0.654377880184,47,17707,15636,0.00384028915118,0.88304060541,"Full year / 1,000+ scheduled"
2023,15,Ballina-Sydney,Ballina,Sydney,12,2487,2422,65,1642,780,0.0261359067149,0.677952105698,48,17707,15701,0.00367086462981,0.88671147004,"Full year / 1,000+ scheduled"
2023,123,Sydney-Port Macquarie,Sydney,Port Macquarie,12,2357,2292,65,1763,529,0.0275774289351,0.769197207679,48,17707,15766,0.00367086462981,0.89038233467,"Full year / 1,000+ scheduled"
2023,18,Brisbane-Canberra,Brisbane,Canberra,12,3549,3485,64,2548,937,0.0180332488025,0.731133428981,49,17707,15830,0.00361438978935,0.893996724459,"Full year / 1,000+ scheduled"
2023,85,Mildura-Melbourne,Mildura,Melbourne,12,2528,2464,64,1566,898,0.0253164556962,0.635551948052,49,17707,15894,0.00361438978935,0.897611114249,"Full year / 1,000+ scheduled"
2023,89,Newman-Perth,Newman,Perth,12,2035,1971,64,1328,643,0.0314496314496,0.673769660071,49,17707,15958,0.00361438978935,0.901225504038,"Full year / 1,000+ scheduled"
2023,110,Sydney-Ballina,Sydney,Ballina,12,2488,2428,60,1779,649,0.024115755627,0.732701812191,50,17707,16018,0.00338849042751,0.904613994465,"Full year / 1,000+ scheduled"
2023,125,Sydney-Wagga Wagga,Sydney,Wagga Wagga,12,2404,2344,60,1791,553,0.0249584026622,0.764078498294,50,17707,16078,0.00338849042751,0.908002484893,"Full year / 1,000+ scheduled"
2023,98,Perth-Port Hedland,Perth,Port Hedland,12,2244,2185,59,1712,473,0.0262923351159,0.78352402746,51,17707,16137,0.00333201558706,0.91133450048,"Full year / 1,000+ scheduled"
2023,64,Kalgoorlie-Perth,Kalgoorlie,Perth,12,1879,1822,57,1274,548,0.0303352847259,0.699231613611,52,17707,16194,0.00321906590614,0.914553566386,"Full year / 1,000+ scheduled"
2023,124,Sydney-Sunshine Coast,Sydney,Sunshine Coast,12,2701,2645,56,1827,818,0.020733061829,0.690737240076,53,17707,16250,0.00316259106568,0.917716157452,"Full year / 1,000+ scheduled"
2023,52,Dubbo-Sydney,Dubbo,Sydney,12,2680,2627,53,1952,675,0.019776119403,0.743052912067,54,17707,16303,0.0029931665443,0.920709323996,"Full year / 1,000+ scheduled"
2023,69,Mackay-Brisbane,Mackay,Brisbane,12,3495,3442,53,2253,1189,0.0151645207439,0.654561301569,54,17707,16356,0.0029931665443,0.92370249054,"Full year / 1,000+ scheduled"
2023,126,Townsville-Brisbane,Townsville,Brisbane,12,3835,3783,52,2363,1420,0.0135593220339,0.624636531853,55,17707,16408,0.00293669170385,0.926639182244,"Full year / 1,000+ scheduled"
2023,94,Perth-Kalgoorlie,Perth,Kalgoorlie,12,1877,1826,51,1407,419,0.0271710175812,0.770536692223,56,17707,16459,0.00288021686339,0.929519399108,"Full year / 1,000+ scheduled"
2023,11,Albury-Sydney,Albury,Sydney,12,2441,2391,50,1795,596,0.0204834084392,0.750731911334,57,17707,16509,0.00282374202293,0.932343141131,"Full year / 1,000+ scheduled"
2023,80,Melbourne-Mildura,Melbourne,Mildura,12,2529,2481,48,1643,838,0.0189798339265,0.662232970576,58,17707,16557,0.00271079234201,0.935053933473,"Full year / 1,000+ scheduled"
2023,97,Perth-Newman,Perth,Newman,12,2035,1987,48,1623,364,0.0235872235872,0.816809260191,58,17707,16605,0.00271079234201,0.937764725815,"Full year / 1,000+ scheduled"
2023,33,Brisbane-Townsville,Brisbane,Townsville,12,3836,3790,46,2534,1256,0.0119916579771,0.668601583113,59,17707,16651,0.00259784266109,0.940362568476,"Full year / 1,000+ scheduled"
2023,34,Broome-Perth,Broome,Perth,12,1574,1528,46,1017,511,0.0292249047014,0.66557591623,59,17707,16697,0.00259784266109,0.942960411137,"Full year / 1,000+ scheduled"
2023,51,Devonport-Melbourne,Devonport,Melbourne,8,1289,1243,46,898,345,0.0356865787432,0.722445695897,59,17707,16743,0.00259784266109,0.945558253798,Partial year: review coverage
2023,45,Coffs Harbour-Sydney,Coffs Harbour,Sydney,12,2587,2542,45,1787,755,0.0173946656359,0.702989771833,60,17707,16788,0.00254136782064,0.948099621619,"Full year / 1,000+ scheduled"
2023,65,Karratha-Perth,Karratha,Perth,12,2379,2335,44,1696,639,0.0184951660361,0.726338329764,61,17707,16832,0.00248489298018,0.950584514599,"Full year / 1,000+ scheduled"
2023,92,Perth-Broome,Perth,Broome,12,1574,1530,44,1197,333,0.0279542566709,0.782352941176,61,17707,16876,0.00248489298018,0.953069407579,"Full year / 1,000+ scheduled"
2023,116,Sydney-Dubbo,Sydney,Dubbo,12,2732,2689,43,2046,643,0.0157393850659,0.760877649684,62,17707,16919,0.00242841813972,0.955497825719,"Full year / 1,000+ scheduled"
2023,108,Sydney-Albury,Sydney,Albury,12,2436,2394,42,1804,590,0.0172413793103,0.753550543024,63,17707,16961,0.00237194329926,0.957869769018,"Full year / 1,000+ scheduled"
2023,88,Newcastle-Melbourne,Newcastle,Melbourne,12,1744,1703,41,1098,605,0.0235091743119,0.644744568409,64,17707,17002,0.0023154684588,0.960185237477,"Full year / 1,000+ scheduled"
2023,95,Perth-Karratha,Perth,Karratha,12,2387,2347,40,1823,524,0.0167574361123,0.776736259054,65,17707,17042,0.00225899361834,0.962444231095,"Full year / 1,000+ scheduled"
2023,76,Melbourne-Devonport,Melbourne,Devonport,8,1289,1250,39,967,283,0.0302560124127,0.7736,66,17707,17081,0.00220251877788,0.964646749873,Partial year: review coverage
2023,105,Sunshine Coast-Melbourne,Sunshine Coast,Melbourne,12,2186,2148,38,1212,936,0.0173833485819,0.564245810056,67,17707,17119,0.00214604393743,0.96679279381,"Full year / 1,000+ scheduled"
2023,114,Sydney-Coffs Harbour,Sydney,Coffs Harbour,12,2586,2548,38,1949,599,0.014694508894,0.764913657771,67,17707,17157,0.00214604393743,0.968938837748,"Full year / 1,000+ scheduled"
2023,53,Emerald-Brisbane,Emerald,Brisbane,12,1734,1699,35,1336,363,0.020184544406,0.78634490877,68,17707,17192,0.00197661941605,0.970915457164,"Full year / 1,000+ scheduled"
2023,81,Melbourne-Newcastle,Melbourne,Newcastle,12,1736,1701,35,1128,573,0.0201612903226,0.663139329806,68,17707,17227,0.00197661941605,0.97289207658,"Full year / 1,000+ scheduled"
2023,25,Brisbane-Mackay,Brisbane,Mackay,12,3438,3408,30,2188,1220,0.0087260034904,0.642018779343,69,17707,17257,0.00169424521376,0.974586321794,"Full year / 1,000+ scheduled"
2023,20,Brisbane-Emerald,Brisbane,Emerald,12,1736,1707,29,1389,318,0.0167050691244,0.813708260105,70,17707,17286,0.0016377703733,0.976224092167,"Full year / 1,000+ scheduled"
2023,68,Launceston-Sydney,Launceston,Sydney,12,1298,1269,29,793,476,0.0223420647149,0.624901497242,70,17707,17315,0.0016377703733,0.97786186254,"Full year / 1,000+ scheduled"
2023,61,Hobart-Brisbane,Hobart,Brisbane,12,1162,1135,27,726,409,0.0232358003442,0.639647577093,71,17707,17342,0.00152482069238,0.979386683233,"Full year / 1,000+ scheduled"
2023,83,Melbourne-Sunshine Coast,Melbourne,Sunshine Coast,12,2182,2156,26,1518,638,0.0119156736939,0.704081632653,72,17707,17368,0.00146834585192,0.980855029085,"Full year / 1,000+ scheduled"
2023,103,Proserpine-Brisbane,Proserpine,Brisbane,12,1172,1147,25,738,409,0.0213310580205,0.64341761116,73,17707,17393,0.00141187101146,0.982266900096,"Full year / 1,000+ scheduled"
2023,40,Canberra-Adelaide,Canberra,Adelaide,12,1447,1423,24,1096,327,0.0165860400829,0.7702037948,74,17707,17417,0.00135539617101,0.983622296267,"Full year / 1,000+ scheduled"
2023,4,Adelaide-Canberra,Adelaide,Canberra,12,1447,1425,22,1195,230,0.015203870076,0.838596491228,75,17707,17439,0.00124244649009,0.984864742757,"Full year / 1,000+ scheduled"
2023,48,Darwin-Melbourne,Darwin,Melbourne,12,1041,1019,22,635,384,0.0211335254563,0.623159960746,75,17707,17461,0.00124244649009,0.986107189247,"Full year / 1,000+ scheduled"
2023,47,Darwin-Brisbane,Darwin,Brisbane,12,1093,1072,21,767,305,0.0192131747484,0.715485074627,76,17707,17482,0.00118597164963,0.987293160897,"Full year / 1,000+ scheduled"
2023,23,Brisbane-Hobart,Brisbane,Hobart,12,1160,1140,20,858,282,0.0172413793103,0.752631578947,77,17707,17502,0.00112949680917,0.988422657706,"Full year / 1,000+ scheduled"
2023,120,Sydney-Launceston,Sydney,Launceston,12,1298,1279,19,883,396,0.0146379044684,0.690383111806,78,17707,17521,0.00107302196871,0.989495679675,"Full year / 1,000+ scheduled"
2023,30,Brisbane-Proserpine,Brisbane,Proserpine,12,1167,1149,18,893,256,0.0154241645244,0.777197563098,79,17707,17539,0.00101654712825,0.990512226803,"Full year / 1,000+ scheduled"
2023,55,Gold Coast-Adelaide,Gold Coast,Adelaide,12,802,785,17,559,226,0.0211970074813,0.712101910828,80,17707,17556,0.000960072287796,0.991472299091,Low volume: interpret cautiously
2023,6,Adelaide-Gold Coast,Adelaide,Gold Coast,12,802,786,16,652,134,0.0199501246883,0.82951653944,81,17707,17572,0.000903597447337,0.992375896538,Low volume: interpret cautiously
2023,19,Brisbane-Darwin,Brisbane,Darwin,12,1095,1080,15,795,285,0.013698630137,0.736111111111,82,17707,17587,0.000847122606879,0.993223019145,"Full year / 1,000+ scheduled"
2023,75,Melbourne-Darwin,Melbourne,Darwin,12,1038,1024,14,555,469,0.0134874759152,0.5419921875,83,17707,17601,0.00079064776642,0.994013666911,"Full year / 1,000+ scheduled"
2023,66,Launceston-Brisbane,Launceston,Brisbane,12,542,529,13,287,242,0.0239852398524,0.542533081285,84,17707,17614,0.000734172925961,0.994747839837,Low volume: interpret cautiously
2023,49,Darwin-Perth,Darwin,Perth,12,662,651,11,429,222,0.0166163141994,0.658986175115,85,17707,17625,0.000621223245044,0.995369063082,Low volume: interpret cautiously
2023,60,Hamilton Island-Sydney,Hamilton Island,Sydney,12,989,978,11,507,471,0.0111223458038,0.518404907975,85,17707,17636,0.000621223245044,0.995990286327,Low volume: interpret cautiously
2023,24,Brisbane-Launceston,Brisbane,Launceston,12,539,530,9,325,205,0.0166975881262,0.61320754717,86,17707,17645,0.000508273564127,0.996498559892,Low volume: interpret cautiously
2023,46,Darwin-Adelaide,Darwin,Adelaide,6,598,590,8,490,100,0.0133779264214,0.830508474576,87,17707,17653,0.000451798723669,0.996950358615,Partial year: review coverage
2023,5,Adelaide-Darwin,Adelaide,Darwin,6,594,587,7,405,182,0.0117845117845,0.689948892675,88,17707,17660,0.00039532388321,0.997345682498,Partial year: review coverage
2023,93,Perth-Darwin,Perth,Darwin,12,663,656,7,471,185,0.0105580693816,0.717987804878,88,17707,17667,0.00039532388321,0.997741006382,Low volume: interpret cautiously
2023,86,Mount Isa-Brisbane,Mount Isa,Brisbane,12,762,756,6,600,156,0.00787401574803,0.793650793651,89,17707,17673,0.000338849042751,0.998079855424,Low volume: interpret cautiously
2023,12,Alice Springs-Adelaide,Alice Springs,Adelaide,12,726,721,5,469,252,0.0068870523416,0.650485436893,90,17707,17678,0.000282374202293,0.998362229627,Low volume: interpret cautiously
2023,118,Sydney-Hamilton Island,Sydney,Hamilton Island,12,987,982,5,653,329,0.00506585612969,0.664969450102,90,17707,17683,0.000282374202293,0.998644603829,Low volume: interpret cautiously
2023,59,Hamilton Island-Brisbane,Hamilton Island,Brisbane,12,701,697,4,497,200,0.00570613409415,0.713055954089,91,17707,17687,0.000225899361834,0.998870503191,Low volume: interpret cautiously
2023,1,Adelaide-Alice Springs,Adelaide,Alice Springs,12,725,722,3,543,179,0.00413793103448,0.752077562327,92,17707,17690,0.000169424521376,0.999039927712,Low volume: interpret cautiously
2023,3,Adelaide-Cairns,Adelaide,Cairns,3,148,145,3,120,25,0.0202702702703,0.827586206897,92,17707,17693,0.000169424521376,0.999209352234,Partial year: review coverage
2023,22,Brisbane-Hamilton Island,Brisbane,Hamilton Island,12,702,699,3,540,159,0.0042735042735,0.772532188841,92,17707,17696,0.000169424521376,0.999378776755,Low volume: interpret cautiously
2023,35,Cairns-Adelaide,Cairns,Adelaide,3,148,145,3,91,54,0.0202702702703,0.627586206897,92,17707,17699,0.000169424521376,0.999548201276,Partial year: review coverage
2023,42,Canberra-Gold Coast,Canberra,Gold Coast,12,600,597,3,410,187,0.005,0.686767169179,92,17707,17702,0.000169424521376,0.999717625798,Low volume: interpret cautiously
2023,56,Gold Coast-Canberra,Gold Coast,Canberra,12,597,594,3,398,196,0.00502512562814,0.670033670034,92,17707,17705,0.000169424521376,0.999887050319,Low volume: interpret cautiously
2023,27,Brisbane-Mount Isa,Brisbane,Mount Isa,12,760,758,2,651,107,0.00263157894737,0.858839050132,93,17707,17707,0.000112949680917,1,Low volume: interpret cautiously
2023,50,Darwin-Sydney,Darwin,Sydney,1,62,62,0,44,18,0,0.709677419355,94,17707,17707,0,1,Partial year: review coverage
2023,115,Sydney-Darwin,Sydney,Darwin,1,62,62,0,40,22,0,0.645161290323,94,17707,17707,0,1,Partial year: review coverage
2024,84,Melbourne-Sydney,Melbourne,Sydney,12,26339,24801,1538,18128,6673,0.0583924978169,0.730938268618,1,11225,1538,0.1370155902,0.1370155902,"Full year / 1,000+ scheduled"
2024,121,Sydney-Melbourne,Sydney,Melbourne,12,26286,24757,1529,18047,6710,0.0581678460017,0.728965545098,2,11225,3067,0.136213808463,0.273229398664,"Full year / 1,000+ scheduled"
2024,111,Sydney-Brisbane,Sydney,Brisbane,12,15086,14619,467,10641,3978,0.0309558531088,0.727888364457,3,11225,3534,0.0416035634744,0.314832962138,"Full year / 1,000+ scheduled"
2024,32,Brisbane-Sydney,Brisbane,Sydney,12,15138,14674,464,10893,3781,0.0306513409962,0.742333378765,4,11225,3998,0.0413363028953,0.356169265033,"Full year / 1,000+ scheduled"
2024,44,Canberra-Sydney,Canberra,Sydney,12,7664,7313,351,5756,1557,0.0457985386221,0.787091480924,5,11225,4349,0.0312694877506,0.387438752784,"Full year / 1,000+ scheduled"
2024,26,Brisbane-Melbourne,Brisbane,Melbourne,12,11847,11509,338,7924,3585,0.0285304296446,0.688504648536,6,11225,4687,0.0301113585746,0.417550111359,"Full year / 1,000+ scheduled"
2024,72,Melbourne-Brisbane,Melbourne,Brisbane,12,11906,11590,316,8025,3565,0.0265412397111,0.692407247627,7,11225,5003,0.0281514476615,0.44570155902,"Full year / 1,000+ scheduled"
2024,113,Sydney-Canberra,Sydney,Canberra,12,7659,7357,302,6012,1345,0.0394307350829,0.817180916134,8,11225,5305,0.0269042316258,0.472605790646,"Full year / 1,000+ scheduled"
2024,10,Adelaide-Sydney,Adelaide,Sydney,12,6801,6575,226,4964,1611,0.033230407293,0.754980988593,9,11225,5531,0.0201336302895,0.492739420935,"Full year / 1,000+ scheduled"
2024,107,Sydney-Adelaide,Sydney,Adelaide,12,6801,6597,204,4881,1716,0.029995588884,0.739881764438,10,11225,5735,0.0181737193764,0.510913140312,"Full year / 1,000+ scheduled"
2024,43,Canberra-Melbourne,Canberra,Melbourne,12,4597,4444,153,3063,1381,0.0332825755928,0.689243924392,11,11225,5888,0.0136302895323,0.524543429844,"Full year / 1,000+ scheduled"
2024,58,Gold Coast-Sydney,Gold Coast,Sydney,12,8185,8036,149,6145,1891,0.0182040317654,0.764683922349,12,11225,6037,0.0132739420935,0.537817371938,"Full year / 1,000+ scheduled"
2024,74,Melbourne-Canberra,Melbourne,Canberra,12,4605,4462,143,3192,1270,0.0310532030402,0.715374271627,13,11225,6180,0.0127394209354,0.550556792873,"Full year / 1,000+ scheduled"
2024,117,Sydney-Gold Coast,Sydney,Gold Coast,12,8179,8050,129,6088,1962,0.0157720992786,0.756273291925,14,11225,6309,0.0114922048998,0.562048997773,"Full year / 1,000+ scheduled"
2024,7,Adelaide-Melbourne,Adelaide,Melbourne,12,8029,7906,123,5883,2023,0.0153194669324,0.744118391095,15,11225,6432,0.0109576837416,0.573006681514,"Full year / 1,000+ scheduled"
2024,96,Perth-Melbourne,Perth,Melbourne,12,6096,5973,123,4482,1491,0.0201771653543,0.750376695128,15,11225,6555,0.0109576837416,0.583964365256,"Full year / 1,000+ scheduled"
2024,64,Kalgoorlie-Perth,Kalgoorlie,Perth,12,2188,2066,122,1459,607,0.0557586837294,0.706195546951,16,11225,6677,0.010868596882,0.594832962138,"Full year / 1,000+ scheduled"
2024,65,Karratha-Perth,Karratha,Perth,12,2741,2626,115,1861,765,0.0419554906968,0.708682406702,17,11225,6792,0.0102449888641,0.605077951002,"Full year / 1,000+ scheduled"
2024,94,Perth-Kalgoorlie,Perth,Kalgoorlie,12,2188,2075,113,1618,457,0.0516453382084,0.779759036145,18,11225,6905,0.0100668151448,0.615144766147,"Full year / 1,000+ scheduled"
2024,57,Gold Coast-Melbourne,Gold Coast,Melbourne,12,6447,6335,112,4479,1856,0.0173724212812,0.707024467245,19,11225,7017,0.00997772828508,0.625122494432,"Full year / 1,000+ scheduled"
2024,100,Port Hedland-Perth,Port Hedland,Perth,12,2388,2278,110,1383,895,0.0460636515913,0.607111501317,20,11225,7127,0.0097995545657,0.634922048998,"Full year / 1,000+ scheduled"
2024,104,Rockhampton-Brisbane,Rockhampton,Brisbane,12,4038,3933,105,2610,1323,0.0260029717682,0.663615560641,21,11225,7232,0.00935412026726,0.644276169265,"Full year / 1,000+ scheduled"
2024,70,Melbourne-Adelaide,Melbourne,Adelaide,12,8031,7928,103,5623,2305,0.0128253019549,0.709258324924,22,11225,7335,0.00917594654788,0.653452115813,"Full year / 1,000+ scheduled"
2024,101,Port Lincoln-Adelaide,Port Lincoln,Adelaide,12,3388,3285,103,2842,443,0.0304014167651,0.865144596651,22,11225,7438,0.00917594654788,0.662628062361,"Full year / 1,000+ scheduled"
2024,77,Melbourne-Gold Coast,Melbourne,Gold Coast,12,6439,6337,102,4605,1732,0.0158409690946,0.726684551049,23,11225,7540,0.0090868596882,0.671714922049,"Full year / 1,000+ scheduled"
2024,95,Perth-Karratha,Perth,Karratha,12,2751,2651,100,2062,589,0.0363504180298,0.777819690683,24,11225,7640,0.00890868596882,0.680623608018,"Full year / 1,000+ scheduled"
2024,67,Launceston-Melbourne,Launceston,Melbourne,12,3408,3309,99,2372,937,0.0290492957746,0.716832880024,25,11225,7739,0.00881959910913,0.689443207127,"Full year / 1,000+ scheduled"
2024,82,Melbourne-Perth,Melbourne,Perth,12,5944,5845,99,4056,1789,0.0166554508748,0.693926432849,25,11225,7838,0.00881959910913,0.698262806236,"Full year / 1,000+ scheduled"
2024,9,Adelaide-Port Lincoln,Adelaide,Port Lincoln,12,3388,3292,96,2839,453,0.0283353010626,0.862393681652,26,11225,7934,0.00855233853007,0.706815144766,"Full year / 1,000+ scheduled"
2024,98,Perth-Port Hedland,Perth,Port Hedland,12,2392,2300,92,1839,461,0.0384615384615,0.799565217391,27,11225,8026,0.00819599109131,0.715011135857,"Full year / 1,000+ scheduled"
2024,99,Perth-Sydney,Perth,Sydney,12,4881,4790,91,3413,1377,0.0186437205491,0.712526096033,28,11225,8117,0.00810690423163,0.723118040089,"Full year / 1,000+ scheduled"
2024,79,Melbourne-Launceston,Melbourne,Launceston,12,3410,3322,88,2237,1085,0.0258064516129,0.673389524383,29,11225,8205,0.00783964365256,0.730957683742,"Full year / 1,000+ scheduled"
2024,62,Hobart-Melbourne,Hobart,Melbourne,12,4899,4816,83,3369,1447,0.0169422331088,0.699543189369,30,11225,8288,0.00739420935412,0.738351893096,"Full year / 1,000+ scheduled"
2024,52,Dubbo-Sydney,Dubbo,Sydney,12,2713,2631,82,1916,715,0.0302248433468,0.728240212847,31,11225,8370,0.00730512249443,0.74565701559,"Full year / 1,000+ scheduled"
2024,127,Townsville-Cairns,Townsville,Cairns,12,1812,1731,81,1500,231,0.044701986755,0.866551126516,32,11225,8451,0.00721603563474,0.752873051225,"Full year / 1,000+ scheduled"
2024,89,Newman-Perth,Newman,Perth,12,2094,2017,77,1379,638,0.0367717287488,0.683688646505,33,11225,8528,0.00685968819599,0.759732739421,"Full year / 1,000+ scheduled"
2024,78,Melbourne-Hobart,Melbourne,Hobart,12,4896,4821,75,3368,1453,0.015318627451,0.698610246837,34,11225,8603,0.00668151447661,0.766414253898,"Full year / 1,000+ scheduled"
2024,31,Brisbane-Rockhampton,Brisbane,Rockhampton,12,4038,3964,74,2646,1318,0.0183259039128,0.667507568113,35,11225,8677,0.00659242761693,0.773006681514,"Full year / 1,000+ scheduled"
2024,116,Sydney-Dubbo,Sydney,Dubbo,12,2734,2661,73,1966,695,0.0267008046818,0.738819992484,36,11225,8750,0.00650334075724,0.779510022272,"Full year / 1,000+ scheduled"
2024,53,Emerald-Brisbane,Emerald,Brisbane,12,1805,1734,71,1393,341,0.0393351800554,0.803344867359,37,11225,8821,0.00632516703786,0.78583518931,"Full year / 1,000+ scheduled"
2024,97,Perth-Newman,Perth,Newman,12,2090,2019,71,1669,350,0.033971291866,0.826646854879,37,11225,8892,0.00632516703786,0.792160356347,"Full year / 1,000+ scheduled"
2024,8,Adelaide-Perth,Adelaide,Perth,12,2417,2350,67,1622,728,0.0277203144394,0.690212765957,38,11225,8959,0.00596881959911,0.798129175947,"Full year / 1,000+ scheduled"
2024,36,Cairns-Brisbane,Cairns,Brisbane,12,4997,4930,67,3548,1382,0.0134080448269,0.719675456389,38,11225,9026,0.00596881959911,0.804097995546,"Full year / 1,000+ scheduled"
2024,90,Perth-Adelaide,Perth,Adelaide,12,2421,2355,66,1655,700,0.0272614622057,0.702760084926,39,11225,9092,0.00587973273942,0.809977728285,"Full year / 1,000+ scheduled"
2024,41,Canberra-Brisbane,Canberra,Brisbane,12,3419,3354,65,2460,894,0.0190114068441,0.733452593918,40,11225,9157,0.00579064587973,0.815768374165,"Full year / 1,000+ scheduled"
2024,122,Sydney-Perth,Sydney,Perth,12,5032,4967,65,3348,1619,0.0129173290938,0.674048721562,40,11225,9222,0.00579064587973,0.821559020045,"Full year / 1,000+ scheduled"
2024,126,Townsville-Brisbane,Townsville,Brisbane,12,4232,4169,63,2792,1377,0.0148865784499,0.669704965219,41,11225,9285,0.00561247216036,0.827171492205,"Full year / 1,000+ scheduled"
2024,20,Brisbane-Emerald,Brisbane,Emerald,12,1804,1742,62,1399,343,0.0343680709534,0.803099885189,42,11225,9347,0.00552338530067,0.832694877506,"Full year / 1,000+ scheduled"
2024,54,Gladstone-Brisbane,Gladstone,Brisbane,12,1998,1936,62,1398,538,0.031031031031,0.722107438017,42,11225,9409,0.00552338530067,0.838218262806,"Full year / 1,000+ scheduled"
2024,39,Cairns-Townsville,Cairns,Townsville,12,1806,1745,61,1495,250,0.0337763012182,0.856733524355,43,11225,9470,0.00543429844098,0.843652561247,"Full year / 1,000+ scheduled"
2024,16,Brisbane-Adelaide,Brisbane,Adelaide,12,3982,3923,59,3081,842,0.0148166750377,0.785368340556,44,11225,9529,0.0052561247216,0.848908685969,"Full year / 1,000+ scheduled"
2024,17,Brisbane-Cairns,Brisbane,Cairns,12,4998,4940,58,3463,1477,0.0116046418567,0.701012145749,45,11225,9587,0.00516703786192,0.854075723831,"Full year / 1,000+ scheduled"
2024,21,Brisbane-Gladstone,Brisbane,Gladstone,12,1995,1938,57,1345,593,0.0285714285714,0.694014447884,46,11225,9644,0.00507795100223,0.859153674833,"Full year / 1,000+ scheduled"
2024,2,Adelaide-Brisbane,Adelaide,Brisbane,12,3978,3924,54,3212,712,0.0135746606335,0.818552497452,47,11225,9698,0.00481069042316,0.863964365256,"Full year / 1,000+ scheduled"
2024,33,Brisbane-Townsville,Brisbane,Townsville,12,4241,4187,54,2813,1374,0.0127328460269,0.6718414139,47,11225,9752,0.00481069042316,0.868775055679,"Full year / 1,000+ scheduled"
2024,34,Broome-Perth,Broome,Perth,12,1568,1514,54,978,536,0.0344387755102,0.645970937913,47,11225,9806,0.00481069042316,0.873585746102,"Full year / 1,000+ scheduled"
2024,18,Brisbane-Canberra,Brisbane,Canberra,12,3417,3366,51,2528,838,0.0149253731343,0.751039809863,48,11225,9857,0.0045434298441,0.878129175947,"Full year / 1,000+ scheduled"
2024,69,Mackay-Brisbane,Mackay,Brisbane,12,3582,3532,50,2448,1084,0.0139586823004,0.693091732729,49,11225,9907,0.00445434298441,0.882583518931,"Full year / 1,000+ scheduled"
2024,102,Port Macquarie-Sydney,Port Macquarie,Sydney,12,2055,2005,50,1496,509,0.0243309002433,0.746134663342,49,11225,9957,0.00445434298441,0.887037861915,"Full year / 1,000+ scheduled"
2024,87,Newcastle-Brisbane,Newcastle,Brisbane,12,2710,2661,49,1889,772,0.0180811808118,0.709883502443,50,11225,10006,0.00436525612472,0.89140311804,"Full year / 1,000+ scheduled"
2024,128,Wagga Wagga-Sydney,Wagga Wagga,Sydney,12,2294,2247,47,1824,423,0.0204882301656,0.811748998665,51,11225,10053,0.00418708240535,0.895590200445,"Full year / 1,000+ scheduled"
2024,51,Devonport-Melbourne,Devonport,Melbourne,12,1892,1847,45,1431,416,0.0237843551797,0.77476989713,52,11225,10098,0.00400890868597,0.899599109131,"Full year / 1,000+ scheduled"
2024,92,Perth-Broome,Perth,Broome,12,1565,1522,43,1152,370,0.0274760383387,0.756898817346,53,11225,10141,0.00383073496659,0.903429844098,"Full year / 1,000+ scheduled"
2024,15,Ballina-Sydney,Ballina,Sydney,12,2108,2066,42,1619,447,0.0199240986717,0.783639883833,54,11225,10183,0.0037416481069,0.907171492205,"Full year / 1,000+ scheduled"
2024,123,Sydney-Port Macquarie,Sydney,Port Macquarie,12,2055,2013,42,1574,439,0.0204379562044,0.781917536016,54,11225,10225,0.0037416481069,0.910913140312,"Full year / 1,000+ scheduled"
2024,63,Hobart-Sydney,Hobart,Sydney,12,2888,2850,38,2175,675,0.0131578947368,0.763157894737,55,11225,10263,0.00338530066815,0.91429844098,"Full year / 1,000+ scheduled"
2024,45,Coffs Harbour-Sydney,Coffs Harbour,Sydney,12,2372,2335,37,1721,614,0.0155986509275,0.73704496788,56,11225,10300,0.00329621380846,0.917594654788,"Full year / 1,000+ scheduled"
2024,119,Sydney-Hobart,Sydney,Hobart,12,2885,2848,37,2259,589,0.0128249566724,0.793188202247,56,11225,10337,0.00329621380846,0.920890868597,"Full year / 1,000+ scheduled"
2024,125,Sydney-Wagga Wagga,Sydney,Wagga Wagga,12,2299,2262,37,1832,430,0.016093953893,0.809902740937,56,11225,10374,0.00329621380846,0.924187082405,"Full year / 1,000+ scheduled"
2024,25,Brisbane-Mackay,Brisbane,Mackay,12,3527,3491,36,2361,1130,0.0102069747661,0.676310512747,57,11225,10410,0.00320712694878,0.927394209354,"Full year / 1,000+ scheduled"
2024,76,Melbourne-Devonport,Melbourne,Devonport,12,1891,1856,35,1473,383,0.018508725542,0.793642241379,58,11225,10445,0.00311804008909,0.930512249443,"Full year / 1,000+ scheduled"
2024,28,Brisbane-Newcastle,Brisbane,Newcastle,12,2703,2669,34,1795,874,0.0125786163522,0.672536530536,59,11225,10479,0.0030289532294,0.933541202673,"Full year / 1,000+ scheduled"
2024,49,Darwin-Perth,Darwin,Perth,12,722,689,33,406,283,0.0457063711911,0.589259796807,60,11225,10512,0.00293986636971,0.936481069042,Low volume: interpret cautiously
2024,91,Perth-Brisbane,Perth,Brisbane,12,3664,3631,33,2656,975,0.00900655021834,0.731478931424,60,11225,10545,0.00293986636971,0.939420935412,"Full year / 1,000+ scheduled"
2024,93,Perth-Darwin,Perth,Darwin,12,727,694,33,470,224,0.0453920220083,0.677233429395,60,11225,10578,0.00293986636971,0.942360801782,Low volume: interpret cautiously
2024,106,Sunshine Coast-Sydney,Sunshine Coast,Sydney,12,2597,2564,33,1730,834,0.0127069695803,0.67472698908,60,11225,10611,0.00293986636971,0.945300668151,"Full year / 1,000+ scheduled"
2024,29,Brisbane-Perth,Brisbane,Perth,12,3657,3625,32,2730,895,0.00875034181023,0.753103448276,61,11225,10643,0.00285077951002,0.948151447661,"Full year / 1,000+ scheduled"
2024,38,Cairns-Sydney,Cairns,Sydney,12,2821,2790,31,2102,688,0.010989010989,0.753405017921,62,11225,10674,0.00276169265033,0.950913140312,"Full year / 1,000+ scheduled"
2024,11,Albury-Sydney,Albury,Sydney,12,2138,2111,27,1553,558,0.0126286248831,0.735670298437,63,11225,10701,0.00240534521158,0.953318485523,"Full year / 1,000+ scheduled"
2024,37,Cairns-Melbourne,Cairns,Melbourne,12,2399,2372,27,1650,722,0.0112546894539,0.695615514334,63,11225,10728,0.00240534521158,0.955723830735,"Full year / 1,000+ scheduled"
2024,88,Newcastle-Melbourne,Newcastle,Melbourne,12,1826,1799,27,1310,489,0.0147864184009,0.728182323513,63,11225,10755,0.00240534521158,0.958129175947,"Full year / 1,000+ scheduled"
2024,85,Mildura-Melbourne,Mildura,Melbourne,12,2419,2393,26,1683,710,0.0107482430757,0.703301295445,64,11225,10781,0.00231625835189,0.960445434298,"Full year / 1,000+ scheduled"
2024,110,Sydney-Ballina,Sydney,Ballina,12,2100,2074,26,1706,368,0.012380952381,0.82256509161,64,11225,10807,0.00231625835189,0.96276169265,"Full year / 1,000+ scheduled"
2024,108,Sydney-Albury,Sydney,Albury,12,2138,2113,25,1645,468,0.011693171188,0.778513961193,65,11225,10832,0.0022271714922,0.964988864143,"Full year / 1,000+ scheduled"
2024,68,Launceston-Sydney,Launceston,Sydney,12,1252,1229,23,896,333,0.0183706070288,0.729048006509,66,11225,10855,0.00204899777283,0.967037861915,"Full year / 1,000+ scheduled"
2024,73,Melbourne-Cairns,Melbourne,Cairns,12,2402,2379,23,1742,637,0.00957535387177,0.732240437158,66,11225,10878,0.00204899777283,0.969086859688,"Full year / 1,000+ scheduled"
2024,114,Sydney-Coffs Harbour,Sydney,Coffs Harbour,12,2374,2351,23,1788,563,0.00968828980623,0.760527435134,66,11225,10901,0.00204899777283,0.971135857461,"Full year / 1,000+ scheduled"
2024,80,Melbourne-Mildura,Melbourne,Mildura,12,2418,2396,22,1742,654,0.00909842845327,0.727045075125,67,11225,10923,0.00195991091314,0.973095768374,"Full year / 1,000+ scheduled"
2024,81,Melbourne-Newcastle,Melbourne,Newcastle,12,1817,1795,22,1239,556,0.0121078701156,0.690250696379,67,11225,10945,0.00195991091314,0.975055679287,"Full year / 1,000+ scheduled"
2024,120,Sydney-Launceston,Sydney,Launceston,12,1251,1230,21,962,268,0.0167865707434,0.782113821138,68,11225,10966,0.00187082405345,0.976926503341,"Full year / 1,000+ scheduled"
2024,112,Sydney-Cairns,Sydney,Cairns,12,2817,2797,20,2207,590,0.0070997515087,0.789059706829,69,11225,10986,0.00178173719376,0.978708240535,"Full year / 1,000+ scheduled"
2024,47,Darwin-Brisbane,Darwin,Brisbane,12,1298,1282,16,809,473,0.0123266563945,0.63104524181,70,11225,11002,0.00142538975501,0.98013363029,"Full year / 1,000+ scheduled"
2024,48,Darwin-Melbourne,Darwin,Melbourne,12,1011,995,16,633,362,0.0158259149357,0.636180904523,70,11225,11018,0.00142538975501,0.981559020045,"Full year / 1,000+ scheduled"
2024,103,Proserpine-Brisbane,Proserpine,Brisbane,12,1022,1006,16,675,331,0.0156555772994,0.67097415507,70,11225,11034,0.00142538975501,0.9829844098,"Full year / 1,000+ scheduled"
2024,124,Sydney-Sunshine Coast,Sydney,Sunshine Coast,12,2589,2574,15,1927,647,0.00579374275782,0.74864024864,71,11225,11049,0.00133630289532,0.984320712695,"Full year / 1,000+ scheduled"
2024,30,Brisbane-Proserpine,Brisbane,Proserpine,12,1019,1005,14,741,264,0.0137389597645,0.737313432836,72,11225,11063,0.00124721603563,0.985567928731,"Full year / 1,000+ scheduled"
2024,40,Canberra-Adelaide,Canberra,Adelaide,12,1209,1195,14,1013,182,0.0115798180314,0.84769874477,72,11225,11077,0.00124721603563,0.986815144766,"Full year / 1,000+ scheduled"
2024,61,Hobart-Brisbane,Hobart,Brisbane,12,1126,1112,14,785,327,0.01243339254,0.705935251799,72,11225,11091,0.00124721603563,0.988062360802,"Full year / 1,000+ scheduled"
2024,19,Brisbane-Darwin,Brisbane,Darwin,12,1291,1278,13,905,373,0.0100697134005,0.70813771518,73,11225,11104,0.00115812917595,0.989220489978,"Full year / 1,000+ scheduled"
2024,4,Adelaide-Canberra,Adelaide,Canberra,12,1212,1200,12,1003,197,0.00990099009901,0.835833333333,74,11225,11116,0.00106904231626,0.990289532294,"Full year / 1,000+ scheduled"
2024,105,Sunshine Coast-Melbourne,Sunshine Coast,Melbourne,12,2233,2222,11,1512,710,0.00492610837438,0.680468046805,75,11225,11127,0.00097995545657,0.991269487751,"Full year / 1,000+ scheduled"
2024,23,Brisbane-Hobart,Brisbane,Hobart,12,1128,1118,10,879,239,0.00886524822695,0.786225402504,76,11225,11137,0.000890868596882,0.992160356347,"Full year / 1,000+ scheduled"
2024,59,Hamilton Island-Brisbane,Hamilton Island,Brisbane,12,754,744,10,504,240,0.0132625994695,0.677419354839,76,11225,11147,0.000890868596882,0.993051224944,Low volume: interpret cautiously
2024,75,Melbourne-Darwin,Melbourne,Darwin,12,1007,998,9,700,298,0.00893743793446,0.701402805611,77,11225,11156,0.000801781737194,0.993853006682,"Full year / 1,000+ scheduled"
2024,60,Hamilton Island-Sydney,Hamilton Island,Sydney,12,907,899,8,492,407,0.00882028665932,0.547274749722,78,11225,11164,0.000712694877506,0.994565701559,Low volume: interpret cautiously
2024,22,Brisbane-Hamilton Island,Brisbane,Hamilton Island,12,753,746,7,560,186,0.00929614873838,0.750670241287,79,11225,11171,0.000623608017817,0.995189309577,Low volume: interpret cautiously
2024,86,Mount Isa-Brisbane,Mount Isa,Brisbane,12,840,833,7,605,228,0.00833333333333,0.726290516206,79,11225,11178,0.000623608017817,0.995812917595,Low volume: interpret cautiously
2024,42,Canberra-Gold Coast,Canberra,Gold Coast,12,591,585,6,455,130,0.010152284264,0.777777777778,80,11225,11184,0.000534521158129,0.996347438753,Low volume: interpret cautiously
2024,66,Launceston-Brisbane,Launceston,Brisbane,12,524,518,6,313,205,0.0114503816794,0.604247104247,80,11225,11190,0.000534521158129,0.996881959911,Low volume: interpret cautiously
2024,83,Melbourne-Sunshine Coast,Melbourne,Sunshine Coast,12,2229,2223,6,1703,520,0.00269179004038,0.766081871345,80,11225,11196,0.000534521158129,0.997416481069,"Full year / 1,000+ scheduled"
2024,118,Sydney-Hamilton Island,Sydney,Hamilton Island,12,902,896,6,635,261,0.00665188470067,0.708705357143,80,11225,11202,0.000534521158129,0.997951002227,Low volume: interpret cautiously
2024,27,Brisbane-Mount Isa,Brisbane,Mount Isa,12,838,833,5,652,181,0.00596658711217,0.782713085234,81,11225,11207,0.000445434298441,0.998396436526,Low volume: interpret cautiously
2024,12,Alice Springs-Adelaide,Alice Springs,Adelaide,12,706,702,4,543,159,0.0056657223796,0.773504273504,82,11225,11211,0.000356347438753,0.998752783964,Low volume: interpret cautiously
2024,6,Adelaide-Gold Coast,Adelaide,Gold Coast,12,803,800,3,665,135,0.00373599003736,0.83125,83,11225,11214,0.000267260579065,0.999020044543,Low volume: interpret cautiously
2024,24,Brisbane-Launceston,Brisbane,Launceston,12,523,520,3,365,155,0.0057361376673,0.701923076923,83,11225,11217,0.000267260579065,0.999287305122,Low volume: interpret cautiously
2024,55,Gold Coast-Adelaide,Gold Coast,Adelaide,12,801,798,3,610,188,0.00374531835206,0.764411027569,83,11225,11220,0.000267260579065,0.999554565702,Low volume: interpret cautiously
2024,56,Gold Coast-Canberra,Gold Coast,Canberra,12,589,586,3,446,140,0.00509337860781,0.761092150171,83,11225,11223,0.000267260579065,0.999821826281,Low volume: interpret cautiously
2024,1,Adelaide-Alice Springs,Adelaide,Alice Springs,12,706,704,2,588,116,0.0028328611898,0.835227272727,84,11225,11225,0.000178173719376,1,Low volume: interpret cautiously
2025,121,Sydney-Melbourne,Sydney,Melbourne,12,25294,24191,1103,18501,5690,0.0436071795683,0.764788557728,1,10565,1103,0.10440132513,0.10440132513,"Full year / 1,000+ scheduled"
2025,84,Melbourne-Sydney,Melbourne,Sydney,12,25369,24282,1087,18216,6066,0.0428475698687,0.750185322461,2,10565,2190,0.102886890677,0.207288215807,"Full year / 1,000+ scheduled"
2025,32,Brisbane-Sydney,Brisbane,Sydney,12,14597,14101,496,10292,3809,0.0339795848462,0.729877313666,3,10565,2686,0.0469474680549,0.254235683862,"Full year / 1,000+ scheduled"
2025,111,Sydney-Brisbane,Sydney,Brisbane,12,14524,14046,478,10574,3472,0.0329110437896,0.752812188523,4,10565,3164,0.0452437292948,0.299479413157,"Full year / 1,000+ scheduled"
2025,44,Canberra-Sydney,Canberra,Sydney,12,7659,7185,474,5558,1627,0.0618879749315,0.773556019485,5,10565,3638,0.0448651206815,0.344344533838,"Full year / 1,000+ scheduled"
2025,72,Melbourne-Brisbane,Melbourne,Brisbane,12,12334,11903,431,8708,3195,0.034944057078,0.731580273881,6,10565,4069,0.040795078088,0.385139611926,"Full year / 1,000+ scheduled"
2025,113,Sydney-Canberra,Sydney,Canberra,12,7660,7232,428,5730,1502,0.0558746736292,0.792311946903,7,10565,4497,0.040511121628,0.425650733554,"Full year / 1,000+ scheduled"
2025,26,Brisbane-Melbourne,Brisbane,Melbourne,12,12276,11857,419,8088,3769,0.0341316389703,0.682128700346,8,10565,4916,0.039659252248,0.465309985802,"Full year / 1,000+ scheduled"
2025,10,Adelaide-Sydney,Adelaide,Sydney,12,6630,6461,169,4804,1657,0.0254901960784,0.743538151989,9,10565,5085,0.0159962139139,0.481306199716,"Full year / 1,000+ scheduled"
2025,58,Gold Coast-Sydney,Gold Coast,Sydney,12,8135,7969,166,6223,1746,0.020405654579,0.780900991341,10,10565,5251,0.0157122574539,0.49701845717,"Full year / 1,000+ scheduled"
2025,117,Sydney-Gold Coast,Sydney,Gold Coast,12,8144,7987,157,6303,1684,0.0192779960707,0.789157380744,11,10565,5408,0.0148603880738,0.511878845244,"Full year / 1,000+ scheduled"
2025,107,Sydney-Adelaide,Sydney,Adelaide,12,6631,6479,152,4917,1562,0.0229226361032,0.758913412564,12,10565,5560,0.0143871273071,0.526265972551,"Full year / 1,000+ scheduled"
2025,57,Gold Coast-Melbourne,Gold Coast,Melbourne,12,6315,6170,145,4607,1563,0.0229612034838,0.746677471637,13,10565,5705,0.0137245622338,0.539990534785,"Full year / 1,000+ scheduled"
2025,43,Canberra-Melbourne,Canberra,Melbourne,12,4245,4108,137,3289,819,0.032273262662,0.800632911392,14,10565,5842,0.0129673450071,0.552957879792,"Full year / 1,000+ scheduled"
2025,101,Port Lincoln-Adelaide,Port Lincoln,Adelaide,12,2979,2847,132,2337,510,0.0443101711984,0.820864067439,15,10565,5974,0.0124940842404,0.565451964032,"Full year / 1,000+ scheduled"
2025,77,Melbourne-Gold Coast,Melbourne,Gold Coast,12,6316,6186,130,4753,1433,0.0205826472451,0.768347882315,16,10565,6104,0.0123047799337,0.577756743966,"Full year / 1,000+ scheduled"
2025,9,Adelaide-Port Lincoln,Adelaide,Port Lincoln,12,2980,2858,122,2248,610,0.0409395973154,0.786564030791,17,10565,6226,0.0115475627071,0.589304306673,"Full year / 1,000+ scheduled"
2025,69,Mackay-Brisbane,Mackay,Brisbane,12,3780,3665,115,2973,692,0.0304232804233,0.811186903138,18,10565,6341,0.0108849976337,0.600189304307,"Full year / 1,000+ scheduled"
2025,7,Adelaide-Melbourne,Adelaide,Melbourne,12,8159,8047,112,6287,1760,0.0137271724476,0.781284950913,19,10565,6453,0.0106010411737,0.61079034548,"Full year / 1,000+ scheduled"
2025,74,Melbourne-Canberra,Melbourne,Canberra,12,4249,4137,112,3294,843,0.0263591433278,0.796229151559,19,10565,6565,0.0106010411737,0.621391386654,"Full year / 1,000+ scheduled"
2025,41,Canberra-Brisbane,Canberra,Brisbane,12,3555,3448,107,2715,733,0.0300984528833,0.787412993039,20,10565,6672,0.010127780407,0.631519167061,"Full year / 1,000+ scheduled"
2025,25,Brisbane-Mackay,Brisbane,Mackay,12,3734,3632,102,2780,852,0.027316550616,0.765418502203,21,10565,6774,0.00965451964032,0.641173686701,"Full year / 1,000+ scheduled"
2025,104,Rockhampton-Brisbane,Rockhampton,Brisbane,12,3880,3778,102,2762,1016,0.0262886597938,0.731074642668,21,10565,6876,0.00965451964032,0.650828206342,"Full year / 1,000+ scheduled"
2025,126,Townsville-Brisbane,Townsville,Brisbane,12,4474,4373,101,3251,1122,0.0225748770675,0.743425565973,22,10565,6977,0.00955986748699,0.660388073829,"Full year / 1,000+ scheduled"
2025,52,Dubbo-Sydney,Dubbo,Sydney,12,2585,2491,94,1866,625,0.0363636363636,0.749096748294,23,10565,7071,0.00889730241363,0.669285376242,"Full year / 1,000+ scheduled"
2025,33,Brisbane-Townsville,Brisbane,Townsville,12,4483,4395,88,3253,1142,0.0196297122463,0.7401592719,24,10565,7159,0.00832938949361,0.677614765736,"Full year / 1,000+ scheduled"
2025,102,Port Macquarie-Sydney,Port Macquarie,Sydney,12,2030,1942,88,1417,525,0.0433497536946,0.729660144181,24,10565,7247,0.00832938949361,0.68594415523,"Full year / 1,000+ scheduled"
2025,99,Perth-Sydney,Perth,Sydney,12,5177,5091,86,3910,1181,0.0166119374155,0.768021999607,25,10565,7333,0.00814008518694,0.694084240416,"Full year / 1,000+ scheduled"
2025,18,Brisbane-Canberra,Brisbane,Canberra,12,3559,3474,85,2706,768,0.0238831132341,0.778929188256,26,10565,7418,0.0080454330336,0.70212967345,"Full year / 1,000+ scheduled"
2025,70,Melbourne-Adelaide,Melbourne,Adelaide,12,8154,8070,84,5998,2072,0.0103016924209,0.743246592317,27,10565,7502,0.00795078088027,0.71008045433,"Full year / 1,000+ scheduled"
2025,116,Sydney-Dubbo,Sydney,Dubbo,12,2519,2435,84,1803,632,0.0333465660977,0.74045174538,27,10565,7586,0.00795078088027,0.718031235211,"Full year / 1,000+ scheduled"
2025,2,Adelaide-Brisbane,Adelaide,Brisbane,12,3967,3884,83,3107,777,0.0209226115452,0.799948506694,28,10565,7669,0.00785612872693,0.725887363938,"Full year / 1,000+ scheduled"
2025,123,Sydney-Port Macquarie,Sydney,Port Macquarie,12,2036,1955,81,1368,587,0.0397838899804,0.699744245524,29,10565,7750,0.00766682442026,0.733554188358,"Full year / 1,000+ scheduled"
2025,96,Perth-Melbourne,Perth,Melbourne,12,6311,6231,80,4847,1384,0.012676279512,0.7778847697,30,10565,7830,0.00757217226692,0.741126360625,"Full year / 1,000+ scheduled"
2025,54,Gladstone-Brisbane,Gladstone,Brisbane,12,1931,1852,79,1551,301,0.0409114448472,0.83747300216,31,10565,7909,0.00747752011358,0.748603880738,"Full year / 1,000+ scheduled"
2025,16,Brisbane-Adelaide,Brisbane,Adelaide,12,3964,3887,77,2880,1007,0.0194248234107,0.740931309493,32,10565,7986,0.00728821580691,0.755892096545,"Full year / 1,000+ scheduled"
2025,64,Kalgoorlie-Perth,Kalgoorlie,Perth,12,2219,2143,76,1458,685,0.0342496620099,0.680354643024,33,10565,8062,0.00719356365357,0.763085660199,"Full year / 1,000+ scheduled"
2025,45,Coffs Harbour-Sydney,Coffs Harbour,Sydney,12,2149,2074,75,1506,568,0.0348999534667,0.726133076181,34,10565,8137,0.00709891150024,0.770184571699,"Full year / 1,000+ scheduled"
2025,100,Port Hedland-Perth,Port Hedland,Perth,12,2432,2359,73,1690,669,0.0300164473684,0.716405256465,35,10565,8210,0.00690960719356,0.777094178893,"Full year / 1,000+ scheduled"
2025,91,Perth-Brisbane,Perth,Brisbane,12,3826,3754,72,2762,992,0.0188186095139,0.735748534896,36,10565,8282,0.00681495504023,0.783909133933,"Full year / 1,000+ scheduled"
2025,94,Perth-Kalgoorlie,Perth,Kalgoorlie,12,2217,2146,71,1695,451,0.0320252593595,0.789841565704,37,10565,8353,0.00672030288689,0.79062943682,"Full year / 1,000+ scheduled"
2025,21,Brisbane-Gladstone,Brisbane,Gladstone,12,1929,1860,69,1486,374,0.0357698289269,0.798924731183,38,10565,8422,0.00653099858022,0.7971604354,"Full year / 1,000+ scheduled"
2025,51,Devonport-Melbourne,Devonport,Melbourne,12,1751,1682,69,1387,295,0.0394060536836,0.824613555291,38,10565,8491,0.00653099858022,0.80369143398,"Full year / 1,000+ scheduled"
2025,63,Hobart-Sydney,Hobart,Sydney,12,2874,2805,69,2136,669,0.0240083507307,0.761497326203,38,10565,8560,0.00653099858022,0.81022243256,"Full year / 1,000+ scheduled"
2025,114,Sydney-Coffs Harbour,Sydney,Coffs Harbour,12,2150,2083,67,1534,549,0.0311627906977,0.736437830053,39,10565,8627,0.00634169427354,0.816564126834,"Full year / 1,000+ scheduled"
2025,67,Launceston-Melbourne,Launceston,Melbourne,12,3372,3306,66,2414,892,0.0195729537367,0.73018753781,40,10565,8693,0.00624704212021,0.822811168954,"Full year / 1,000+ scheduled"
2025,29,Brisbane-Perth,Brisbane,Perth,12,3817,3754,63,2498,1256,0.0165051087241,0.665423548215,41,10565,8756,0.0059630856602,0.828774254614,"Full year / 1,000+ scheduled"
2025,76,Melbourne-Devonport,Melbourne,Devonport,12,1751,1691,60,1335,356,0.0342661336379,0.789473684211,42,10565,8816,0.00567912920019,0.834453383814,"Full year / 1,000+ scheduled"
2025,79,Melbourne-Launceston,Melbourne,Launceston,12,3373,3313,60,2327,986,0.0177883190039,0.702384545729,42,10565,8876,0.00567912920019,0.840132513015,"Full year / 1,000+ scheduled"
2025,36,Cairns-Brisbane,Cairns,Brisbane,12,5219,5160,59,4073,1087,0.011304847672,0.789341085271,43,10565,8935,0.00558447704685,0.845716990062,"Full year / 1,000+ scheduled"
2025,53,Emerald-Brisbane,Emerald,Brisbane,12,1729,1670,59,1500,170,0.0341237709659,0.898203592814,43,10565,8994,0.00558447704685,0.851301467108,"Full year / 1,000+ scheduled"
2025,119,Sydney-Hobart,Sydney,Hobart,12,2872,2815,57,2161,654,0.0198467966574,0.767673179396,44,10565,9051,0.00539517274018,0.856696639849,"Full year / 1,000+ scheduled"
2025,62,Hobart-Melbourne,Hobart,Melbourne,12,4879,4824,55,3629,1195,0.0112728018036,0.75228026534,45,10565,9106,0.00520586843351,0.861902508282,"Full year / 1,000+ scheduled"
2025,17,Brisbane-Cairns,Brisbane,Cairns,12,5213,5159,54,3925,1234,0.0103587185881,0.760806357821,46,10565,9160,0.00511121628017,0.867013724562,"Full year / 1,000+ scheduled"
2025,65,Karratha-Perth,Karratha,Perth,12,2947,2893,54,2121,772,0.0183237190363,0.733148980297,46,10565,9214,0.00511121628017,0.872124940842,"Full year / 1,000+ scheduled"
2025,82,Melbourne-Perth,Melbourne,Perth,12,6158,6104,54,4238,1866,0.00876908087041,0.694298820446,46,10565,9268,0.00511121628017,0.877236157123,"Full year / 1,000+ scheduled"
2025,87,Newcastle-Brisbane,Newcastle,Brisbane,12,2654,2600,54,2025,575,0.0203466465712,0.778846153846,46,10565,9322,0.00511121628017,0.882347373403,"Full year / 1,000+ scheduled"
2025,31,Brisbane-Rockhampton,Brisbane,Rockhampton,12,3885,3832,53,2797,1035,0.0136422136422,0.72990605428,47,10565,9375,0.00501656412683,0.88736393753,"Full year / 1,000+ scheduled"
2025,122,Sydney-Perth,Sydney,Perth,12,5331,5278,53,3599,1679,0.00994184955918,0.681887078439,47,10565,9428,0.00501656412683,0.892380501656,"Full year / 1,000+ scheduled"
2025,20,Brisbane-Emerald,Brisbane,Emerald,12,1730,1678,52,1447,231,0.0300578034682,0.862336114422,48,10565,9480,0.0049219119735,0.89730241363,"Full year / 1,000+ scheduled"
2025,15,Ballina-Sydney,Ballina,Sydney,12,1791,1740,51,1318,422,0.0284757118928,0.757471264368,49,10565,9531,0.00482725982016,0.90212967345,"Full year / 1,000+ scheduled"
2025,128,Wagga Wagga-Sydney,Wagga Wagga,Sydney,12,2186,2136,50,1652,484,0.0228728270814,0.7734082397,50,10565,9581,0.00473260766682,0.906862281117,"Full year / 1,000+ scheduled"
2025,98,Perth-Port Hedland,Perth,Port Hedland,12,2437,2389,48,1992,397,0.0196963479688,0.833821682712,51,10565,9629,0.00454330336015,0.911405584477,"Full year / 1,000+ scheduled"
2025,110,Sydney-Ballina,Sydney,Ballina,12,1789,1742,47,1409,333,0.0262716601453,0.808840413318,52,10565,9676,0.00444865120681,0.915854235684,"Full year / 1,000+ scheduled"
2025,78,Melbourne-Hobart,Melbourne,Hobart,12,4875,4832,43,3671,1161,0.00882051282051,0.759726821192,53,10565,9719,0.00407004259347,0.919924278277,"Full year / 1,000+ scheduled"
2025,106,Sunshine Coast-Sydney,Sunshine Coast,Sydney,12,2640,2597,43,1771,826,0.0162878787879,0.681940700809,53,10565,9762,0.00407004259347,0.923994320871,"Full year / 1,000+ scheduled"
2025,28,Brisbane-Newcastle,Brisbane,Newcastle,12,2651,2610,41,1975,635,0.0154658619389,0.756704980843,54,10565,9803,0.0038807382868,0.927875059158,"Full year / 1,000+ scheduled"
2025,85,Mildura-Melbourne,Mildura,Melbourne,12,2126,2087,39,1573,514,0.0183443085607,0.753713464303,55,10565,9842,0.00369143398012,0.931566493138,"Full year / 1,000+ scheduled"
2025,125,Sydney-Wagga Wagga,Sydney,Wagga Wagga,12,2183,2145,38,1696,449,0.0174072377462,0.790675990676,56,10565,9880,0.00359678182679,0.935163274965,"Full year / 1,000+ scheduled"
2025,95,Perth-Karratha,Perth,Karratha,12,2953,2917,36,2361,556,0.0121909922113,0.809393212204,57,10565,9916,0.00340747752011,0.938570752485,"Full year / 1,000+ scheduled"
2025,11,Albury-Sydney,Albury,Sydney,12,1918,1884,34,1487,397,0.0177267987487,0.789278131635,58,10565,9950,0.00321817321344,0.941788925698,"Full year / 1,000+ scheduled"
2025,80,Melbourne-Mildura,Melbourne,Mildura,12,2125,2093,32,1558,535,0.0150588235294,0.744386048734,59,10565,9982,0.00302886890677,0.944817794605,"Full year / 1,000+ scheduled"
2025,124,Sydney-Sunshine Coast,Sydney,Sunshine Coast,12,2634,2605,29,1950,655,0.0110098709188,0.748560460653,60,10565,10011,0.00274491244676,0.947562707052,"Full year / 1,000+ scheduled"
2025,88,Newcastle-Melbourne,Newcastle,Melbourne,12,1812,1785,27,1361,424,0.0149006622517,0.762464985994,61,10565,10038,0.00255560814009,0.950118315192,"Full year / 1,000+ scheduled"
2025,89,Newman-Perth,Newman,Perth,12,2147,2121,26,1599,522,0.0121099208197,0.753889674682,62,10565,10064,0.00246095598675,0.952579271178,"Full year / 1,000+ scheduled"
2025,108,Sydney-Albury,Sydney,Albury,12,1918,1893,25,1457,436,0.0130344108446,0.769677760169,63,10565,10089,0.00236630383341,0.954945575012,"Full year / 1,000+ scheduled"
2025,34,Broome-Perth,Broome,Perth,12,1596,1574,22,1106,468,0.0137844611529,0.702668360864,64,10565,10111,0.0020823473734,0.957027922385,"Full year / 1,000+ scheduled"
2025,38,Cairns-Sydney,Cairns,Sydney,12,2719,2697,22,2146,551,0.00809121000368,0.795698924731,64,10565,10133,0.0020823473734,0.959110269759,"Full year / 1,000+ scheduled"
2025,40,Canberra-Adelaide,Canberra,Adelaide,12,1302,1280,22,1047,233,0.0168970814132,0.81796875,64,10565,10155,0.0020823473734,0.961192617132,"Full year / 1,000+ scheduled"
2025,103,Proserpine-Brisbane,Proserpine,Brisbane,12,998,977,21,650,327,0.0210420841683,0.665301944729,65,10565,10176,0.00198769522007,0.963180312352,Low volume: interpret cautiously
2025,47,Darwin-Brisbane,Darwin,Brisbane,12,1251,1231,20,928,303,0.0159872102318,0.753858651503,66,10565,10196,0.00189304306673,0.965073355419,"Full year / 1,000+ scheduled"
2025,61,Hobart-Brisbane,Hobart,Brisbane,12,1109,1090,19,755,335,0.0171325518485,0.692660550459,67,10565,10215,0.00179839091339,0.966871746332,"Full year / 1,000+ scheduled"
2025,86,Mount Isa-Brisbane,Mount Isa,Brisbane,12,971,952,19,733,219,0.0195674562307,0.769957983193,67,10565,10234,0.00179839091339,0.968670137246,Low volume: interpret cautiously
2025,4,Adelaide-Canberra,Adelaide,Canberra,12,1302,1284,18,1068,216,0.0138248847926,0.831775700935,68,10565,10252,0.00170373876006,0.970373876006,"Full year / 1,000+ scheduled"
2025,30,Brisbane-Proserpine,Brisbane,Proserpine,12,996,978,18,717,261,0.0180722891566,0.733128834356,68,10565,10270,0.00170373876006,0.972077614766,Low volume: interpret cautiously
2025,37,Cairns-Melbourne,Cairns,Melbourne,12,2316,2298,18,1813,485,0.00777202072539,0.788946910357,68,10565,10288,0.00170373876006,0.973781353526,"Full year / 1,000+ scheduled"
2025,81,Melbourne-Newcastle,Melbourne,Newcastle,12,1807,1790,17,1313,477,0.00940785832872,0.733519553073,69,10565,10305,0.00160908660672,0.975390440133,"Full year / 1,000+ scheduled"
2025,105,Sunshine Coast-Melbourne,Sunshine Coast,Melbourne,12,2310,2294,16,1583,711,0.00692640692641,0.690061028771,70,10565,10321,0.00151443445338,0.976904874586,"Full year / 1,000+ scheduled"
2025,23,Brisbane-Hobart,Brisbane,Hobart,12,1109,1095,14,825,270,0.0126239855726,0.753424657534,71,10565,10335,0.00132513014671,0.978230004733,"Full year / 1,000+ scheduled"
2025,8,Adelaide-Perth,Adelaide,Perth,12,2288,2275,13,1732,543,0.00568181818182,0.761318681319,72,10565,10348,0.00123047799337,0.979460482726,"Full year / 1,000+ scheduled"
2025,19,Brisbane-Darwin,Brisbane,Darwin,12,1246,1233,13,1007,226,0.0104333868379,0.816707218167,72,10565,10361,0.00123047799337,0.980690960719,"Full year / 1,000+ scheduled"
2025,27,Brisbane-Mount Isa,Brisbane,Mount Isa,12,969,956,13,779,177,0.0134158926729,0.814853556485,72,10565,10374,0.00123047799337,0.981921438713,Low volume: interpret cautiously
2025,92,Perth-Broome,Perth,Broome,12,1597,1584,13,1258,326,0.00814026299311,0.794191919192,72,10565,10387,0.00123047799337,0.983151916706,"Full year / 1,000+ scheduled"
2025,48,Darwin-Melbourne,Darwin,Melbourne,12,1017,1005,12,804,201,0.0117994100295,0.8,73,10565,10399,0.00113582584004,0.984287742546,"Full year / 1,000+ scheduled"
2025,73,Melbourne-Cairns,Melbourne,Cairns,12,2313,2302,11,1843,459,0.00475572849114,0.800608166811,74,10565,10410,0.0010411736867,0.985328916233,"Full year / 1,000+ scheduled"
2025,68,Launceston-Sydney,Launceston,Sydney,12,1254,1244,10,874,370,0.00797448165869,0.702572347267,75,10565,10420,0.000946521533365,0.986275437766,"Full year / 1,000+ scheduled"
2025,90,Perth-Adelaide,Perth,Adelaide,12,2289,2279,10,1859,420,0.00436871996505,0.815708644142,75,10565,10430,0.000946521533365,0.9872219593,"Full year / 1,000+ scheduled"
2025,6,Adelaide-Gold Coast,Adelaide,Gold Coast,12,779,770,9,652,118,0.0115532734275,0.846753246753,76,10565,10439,0.000851869380028,0.98807382868,Low volume: interpret cautiously
2025,49,Darwin-Perth,Darwin,Perth,12,766,757,9,583,174,0.0117493472585,0.770145310436,76,10565,10448,0.000851869380028,0.98892569806,Low volume: interpret cautiously
2025,59,Hamilton Island-Brisbane,Hamilton Island,Brisbane,12,766,757,9,567,190,0.0117493472585,0.749009247028,76,10565,10457,0.000851869380028,0.98977756744,Low volume: interpret cautiously
2025,66,Launceston-Brisbane,Launceston,Brisbane,12,489,480,9,304,176,0.0184049079755,0.633333333333,76,10565,10466,0.000851869380028,0.99062943682,Low volume: interpret cautiously
2025,83,Melbourne-Sunshine Coast,Melbourne,Sunshine Coast,12,2302,2293,9,1810,483,0.00390964378801,0.789358918447,76,10565,10475,0.000851869380028,0.9914813062,"Full year / 1,000+ scheduled"
2025,120,Sydney-Launceston,Sydney,Launceston,12,1249,1240,9,958,282,0.00720576461169,0.772580645161,76,10565,10484,0.000851869380028,0.99233317558,"Full year / 1,000+ scheduled"
2025,22,Brisbane-Hamilton Island,Brisbane,Hamilton Island,12,765,757,8,610,147,0.0104575163399,0.805812417437,77,10565,10492,0.000757217226692,0.993090392806,Low volume: interpret cautiously
2025,55,Gold Coast-Adelaide,Gold Coast,Adelaide,12,779,771,8,575,196,0.01026957638,0.745784695201,77,10565,10500,0.000757217226692,0.993847610033,Low volume: interpret cautiously
2025,97,Perth-Newman,Perth,Newman,12,2143,2135,8,1811,324,0.00373308446104,0.848243559719,77,10565,10508,0.000757217226692,0.99460482726,"Full year / 1,000+ scheduled"
2025,112,Sydney-Cairns,Sydney,Cairns,12,2713,2705,8,2175,530,0.00294876520457,0.804066543438,77,10565,10516,0.000757217226692,0.995362044487,"Full year / 1,000+ scheduled"
2025,12,Alice Springs-Adelaide,Alice Springs,Adelaide,12,617,610,7,455,155,0.0113452188006,0.745901639344,78,10565,10523,0.000662565073355,0.99602460956,Low volume: interpret cautiously
2025,1,Adelaide-Alice Springs,Adelaide,Alice Springs,12,618,612,6,462,150,0.00970873786408,0.754901960784,79,10565,10529,0.000567912920019,0.99659252248,Low volume: interpret cautiously
2025,42,Canberra-Gold Coast,Canberra,Gold Coast,12,551,545,6,466,79,0.010889292196,0.85504587156,79,10565,10535,0.000567912920019,0.9971604354,Low volume: interpret cautiously
2025,56,Gold Coast-Canberra,Gold Coast,Canberra,12,551,545,6,474,71,0.010889292196,0.869724770642,79,10565,10541,0.000567912920019,0.99772834832,Low volume: interpret cautiously
2025,24,Brisbane-Launceston,Brisbane,Launceston,12,488,483,5,369,114,0.0102459016393,0.76397515528,80,10565,10546,0.000473260766682,0.998201609087,Low volume: interpret cautiously
2025,75,Melbourne-Darwin,Melbourne,Darwin,12,1014,1009,5,773,236,0.00493096646943,0.766105054509,80,10565,10551,0.000473260766682,0.998674869853,"Full year / 1,000+ scheduled"
2025,93,Perth-Darwin,Perth,Darwin,12,766,761,5,616,145,0.0065274151436,0.809461235217,80,10565,10556,0.000473260766682,0.99914813062,Low volume: interpret cautiously
2025,60,Hamilton Island-Sydney,Hamilton Island,Sydney,12,873,869,4,528,341,0.00458190148912,0.607594936709,81,10565,10560,0.000378608613346,0.999526739233,Low volume: interpret cautiously
2025,127,Townsville-Cairns,Townsville,Cairns,1,134,132,2,120,12,0.0149253731343,0.909090909091,82,10565,10562,0.000189304306673,0.99971604354,Partial year: review coverage
2025,14,Ayers Rock-Melbourne,Ayers Rock,Melbourne,11,342,341,1,306,35,0.00292397660819,0.897360703812,83,10565,10563,9.46521533365e-05,0.999810695693,Partial year: review coverage
2025,39,Cairns-Townsville,Cairns,Townsville,1,134,133,1,106,27,0.00746268656716,0.796992481203,83,10565,10564,9.46521533365e-05,0.999905347847,Partial year: review coverage
2025,118,Sydney-Hamilton Island,Sydney,Hamilton Island,12,868,867,1,680,187,0.00115207373272,0.78431372549,83,10565,10565,9.46521533365e-05,1,Low volume: interpret cautiously
2025,71,Melbourne-Ayers Rock,Melbourne,Ayers Rock,11,343,343,0,293,50,0,0.854227405248,84,10565,10565,0,1,Partial year: review coverage
